{
    "uvs":[],
    "materials":[{
        "shading":"phong",
        "depthTest":true,
        "DbgIndex":0,
        "DbgName":"Door",
        "visible":true,
        "depthWrite":true,
        "specularCoef":50,
        "colorEmissive":[0,0,0],
        "transparent":false,
        "wireframe":false,
        "blending":"NormalBlending",
        "DbgColor":15658734,
        "colorDiffuse":[0.64,0.64,0.64],
        "opacity":1,
        "colorSpecular":[0.5,0.5,0.5]
    }],
    "metadata":{
        "generator":"io_three",
        "version":3,
        "vertices":24,
        "uvs":0,
        "materials":1,
        "type":"Geometry",
        "normals":16,
        "faces":22
    },
    "normals":[1,0,0,1,-0,0,0,-4.40383e-08,-1,0,-1,4.37114e-08,0,0,1,0,-0,-1,0,4.40383e-08,1,-0,1,0,-1,0,0,0,1,-0,0,-0,1,0,-1,0,-1,0,-0,-0,0,1,-0,0,-1,-0,0,-1],
    "vertices":[0.501982,1.36676e-09,0.0312679,0.501982,2.03021,0.0312678,0.501982,-1.36676e-09,-0.0312679,0.501982,2.03021,-0.031268,0.455,2.06477,0.0312678,0.455,2.03021,-0.031268,0.455,-1.36676e-09,-0.0312679,0.455,2.06477,-0.031268,0.455,2.03021,0.0312678,0.501982,2.06477,-0.031268,0.501982,2.06477,0.0312678,0.455,1.36676e-09,0.0312679,-0.501982,1.36676e-09,0.0312679,-0.501982,2.03021,0.0312678,-0.501982,-1.36676e-09,-0.0312679,-0.501982,2.03021,-0.031268,-0.455,2.06477,0.0312678,-0.455,2.03021,-0.031268,-0.455,-1.36676e-09,-0.0312679,-0.455,2.06477,-0.031268,-0.455,2.03021,0.0312678,-0.501982,2.06477,-0.031268,-0.501982,2.06477,0.0312678,-0.455,1.36676e-09,0.0312679],
    "faces":[35,0,2,3,1,0,0,0,0,0,35,17,20,23,18,0,1,1,1,1,35,5,3,2,6,0,2,2,2,2,35,2,0,11,6,0,3,3,3,3,35,8,1,10,4,0,4,4,4,4,35,3,5,7,9,0,5,5,5,5,35,0,1,8,11,0,6,6,6,6,35,10,9,7,4,0,7,7,7,7,35,1,3,9,10,0,0,0,0,0,35,8,5,6,11,0,8,8,8,8,35,16,4,7,19,0,9,9,9,9,35,4,16,20,8,0,10,10,10,10,35,8,20,17,5,0,11,11,11,11,35,15,14,12,13,0,12,12,12,12,35,17,18,14,15,0,2,2,2,2,35,23,12,14,18,0,3,3,3,3,35,20,16,22,13,0,13,13,13,13,35,15,21,19,17,0,14,14,14,14,35,13,12,23,20,0,6,6,6,6,35,22,16,19,21,0,9,9,9,9,35,13,22,21,15,0,8,8,8,8,35,17,19,7,5,0,15,15,15,15]
}